SET SQL_MODE = "NO_AUTO_VALUE_ON_ZERO";
START TRANSACTION;
SET time_zone = "+00:00";

/*!40101 SET @OLD_CHARACTER_SET_CLIENT=@@CHARACTER_SET_CLIENT */;
/*!40101 SET @OLD_CHARACTER_SET_RESULTS=@@CHARACTER_SET_RESULTS */;
/*!40101 SET @OLD_COLLATION_CONNECTION=@@COLLATION_CONNECTION */;
/*!40101 SET NAMES utf8mb4 */;


CREATE TABLE `ciudad` (
  `id` int(11) NOT NULL,
  `nombre` varchar(45) NOT NULL,
  `codigo_postal` varchar(45) DEFAULT NULL,
  `departamento_id` int(11) NOT NULL
) ENGINE=InnoDB DEFAULT CHARSET=utf8;

INSERT INTO `ciudad` VALUES(1, 'Abriaquí', '1', 5);
INSERT INTO `ciudad` VALUES(2, 'Acacías', '1', 50);
INSERT INTO `ciudad` VALUES(3, 'Acandí', '1', 27);
INSERT INTO `ciudad` VALUES(4, 'Acevedo', '1', 41);
INSERT INTO `ciudad` VALUES(5, 'Achí', '1', 13);
INSERT INTO `ciudad` VALUES(6, 'Agrado', '1', 41);
INSERT INTO `ciudad` VALUES(7, 'Agua de Dios', '1', 25);
INSERT INTO `ciudad` VALUES(8, 'Aguachica', '1', 20);
INSERT INTO `ciudad` VALUES(9, 'Aguada', '1', 68);
INSERT INTO `ciudad` VALUES(10, 'Aguadas', '1', 17);
INSERT INTO `ciudad` VALUES(11, 'Aguazul', '1', 85);
INSERT INTO `ciudad` VALUES(12, 'Agustín Codazzi', '1', 20);
INSERT INTO `ciudad` VALUES(13, 'Aipe', '1', 41);
INSERT INTO `ciudad` VALUES(14, 'Albania', '1', 18);
INSERT INTO `ciudad` VALUES(15, 'Albania', '1', 44);
INSERT INTO `ciudad` VALUES(16, 'Albania', '1', 68);
INSERT INTO `ciudad` VALUES(17, 'Albán', '1', 25);
INSERT INTO `ciudad` VALUES(18, 'Albán (San José)', '1', 52);
INSERT INTO `ciudad` VALUES(19, 'Alcalá', '1', 76);
INSERT INTO `ciudad` VALUES(20, 'Alejandria', '1', 5);
INSERT INTO `ciudad` VALUES(21, 'Algarrobo', '1', 47);
INSERT INTO `ciudad` VALUES(22, 'Algeciras', '1', 41);
INSERT INTO `ciudad` VALUES(23, 'Almaguer', '1', 19);
INSERT INTO `ciudad` VALUES(24, 'Almeida', '1', 15);
INSERT INTO `ciudad` VALUES(25, 'Alpujarra', '1', 73);
INSERT INTO `ciudad` VALUES(26, 'Altamira', '1', 41);
INSERT INTO `ciudad` VALUES(27, 'Alto Baudó (Pie de Pato)', '1', 27);
INSERT INTO `ciudad` VALUES(28, 'Altos del Rosario', '1', 13);
INSERT INTO `ciudad` VALUES(29, 'Alvarado', '1', 73);
INSERT INTO `ciudad` VALUES(30, 'Amagá', '1', 5);
INSERT INTO `ciudad` VALUES(31, 'Amalfi', '1', 5);
INSERT INTO `ciudad` VALUES(32, 'Ambalema', '1', 73);
INSERT INTO `ciudad` VALUES(33, 'Anapoima', '1', 25);
INSERT INTO `ciudad` VALUES(34, 'Ancuya', '1', 52);
INSERT INTO `ciudad` VALUES(35, 'Andalucía', '1', 76);
INSERT INTO `ciudad` VALUES(36, 'Andes', '1', 5);
INSERT INTO `ciudad` VALUES(37, 'Angelópolis', '1', 5);
INSERT INTO `ciudad` VALUES(38, 'Angostura', '1', 5);
INSERT INTO `ciudad` VALUES(39, 'Anolaima', '1', 25);
INSERT INTO `ciudad` VALUES(40, 'Anorí', '1', 5);
INSERT INTO `ciudad` VALUES(41, 'Anserma', '1', 17);
INSERT INTO `ciudad` VALUES(42, 'Ansermanuevo', '1', 76);
INSERT INTO `ciudad` VALUES(43, 'Anzoátegui', '1', 73);
INSERT INTO `ciudad` VALUES(44, 'Anzá', '1', 5);
INSERT INTO `ciudad` VALUES(45, 'Apartadó', '1', 5);
INSERT INTO `ciudad` VALUES(46, 'Apulo', '1', 25);
INSERT INTO `ciudad` VALUES(47, 'Apía', '1', 66);
INSERT INTO `ciudad` VALUES(48, 'Aquitania', '1', 15);
INSERT INTO `ciudad` VALUES(49, 'Aracataca', '1', 47);
INSERT INTO `ciudad` VALUES(50, 'Aranzazu', '1', 17);
INSERT INTO `ciudad` VALUES(51, 'Aratoca', '1', 68);
INSERT INTO `ciudad` VALUES(52, 'Arauca', '1', 81);
INSERT INTO `ciudad` VALUES(53, 'Arauquita', '1', 81);
INSERT INTO `ciudad` VALUES(54, 'Arbeláez', '1', 25);
INSERT INTO `ciudad` VALUES(55, 'Arboleda (Berruecos)', '1', 52);
INSERT INTO `ciudad` VALUES(56, 'Arboledas', '1', 54);
INSERT INTO `ciudad` VALUES(57, 'Arboletes', '1', 5);
INSERT INTO `ciudad` VALUES(58, 'Arcabuco', '1', 15);
INSERT INTO `ciudad` VALUES(59, 'Arenal', '1', 13);
INSERT INTO `ciudad` VALUES(60, 'Argelia', '1', 5);
INSERT INTO `ciudad` VALUES(61, 'Argelia', '1', 19);
INSERT INTO `ciudad` VALUES(62, 'Argelia', '1', 76);
INSERT INTO `ciudad` VALUES(63, 'Ariguaní (El Difícil)', '1', 47);
INSERT INTO `ciudad` VALUES(64, 'Arjona', '1', 13);
INSERT INTO `ciudad` VALUES(65, 'Armenia', '1', 5);
INSERT INTO `ciudad` VALUES(66, 'Armenia', '1', 63);
INSERT INTO `ciudad` VALUES(67, 'Armero (Guayabal)', '1', 73);
INSERT INTO `ciudad` VALUES(68, 'Arroyohondo', '1', 13);
INSERT INTO `ciudad` VALUES(69, 'Astrea', '1', 20);
INSERT INTO `ciudad` VALUES(70, 'Ataco', '1', 73);
INSERT INTO `ciudad` VALUES(71, 'Atrato (Yuto)', '1', 27);
INSERT INTO `ciudad` VALUES(72, 'Ayapel', '1', 23);
INSERT INTO `ciudad` VALUES(73, 'Bagadó', '1', 27);
INSERT INTO `ciudad` VALUES(74, 'Bahía Solano (Mútis)', '1', 27);
INSERT INTO `ciudad` VALUES(75, 'Bajo Baudó (Pizarro)', '1', 27);
INSERT INTO `ciudad` VALUES(76, 'Balboa', '1', 19);
INSERT INTO `ciudad` VALUES(77, 'Balboa', '1', 66);
INSERT INTO `ciudad` VALUES(78, 'Baranoa', '1', 8);
INSERT INTO `ciudad` VALUES(79, 'Baraya', '1', 41);
INSERT INTO `ciudad` VALUES(80, 'Barbacoas', '1', 52);
INSERT INTO `ciudad` VALUES(81, 'Barbosa', '1', 5);
INSERT INTO `ciudad` VALUES(82, 'Barbosa', '1', 68);
INSERT INTO `ciudad` VALUES(83, 'Barichara', '1', 68);
INSERT INTO `ciudad` VALUES(84, 'Barranca de Upía', '1', 50);
INSERT INTO `ciudad` VALUES(85, 'Barrancabermeja', '1', 68);
INSERT INTO `ciudad` VALUES(86, 'Barrancas', '1', 44);
INSERT INTO `ciudad` VALUES(87, 'Barranco de Loba', '1', 13);
INSERT INTO `ciudad` VALUES(88, 'Barranquilla', '1', 8);
INSERT INTO `ciudad` VALUES(89, 'Becerríl', '1', 20);
INSERT INTO `ciudad` VALUES(90, 'Belalcázar', '1', 17);
INSERT INTO `ciudad` VALUES(91, 'Bello', '1', 5);
INSERT INTO `ciudad` VALUES(92, 'Belmira', '1', 5);
INSERT INTO `ciudad` VALUES(93, 'Beltrán', '1', 25);
INSERT INTO `ciudad` VALUES(94, 'Belén', '1', 15);
INSERT INTO `ciudad` VALUES(95, 'Belén', '1', 52);
INSERT INTO `ciudad` VALUES(96, 'Belén de Bajirá', '1', 27);
INSERT INTO `ciudad` VALUES(97, 'Belén de Umbría', '1', 66);
INSERT INTO `ciudad` VALUES(98, 'Belén de los Andaquíes', '1', 18);
INSERT INTO `ciudad` VALUES(99, 'Berbeo', '1', 15);
INSERT INTO `ciudad` VALUES(100, 'Betania', '1', 5);
INSERT INTO `ciudad` VALUES(101, 'Beteitiva', '1', 15);
INSERT INTO `ciudad` VALUES(102, 'Betulia', '1', 5);
INSERT INTO `ciudad` VALUES(103, 'Betulia', '1', 68);
INSERT INTO `ciudad` VALUES(104, 'Bituima', '1', 25);
INSERT INTO `ciudad` VALUES(105, 'Boavita', '1', 15);
INSERT INTO `ciudad` VALUES(106, 'Bochalema', '1', 54);
INSERT INTO `ciudad` VALUES(107, 'Bogotá D.C.', '1', 11);
INSERT INTO `ciudad` VALUES(108, 'Bojacá', '1', 25);
INSERT INTO `ciudad` VALUES(109, 'Bojayá (Bellavista)', '1', 27);
INSERT INTO `ciudad` VALUES(110, 'Bolívar', '1', 5);
INSERT INTO `ciudad` VALUES(111, 'Bolívar', '1', 19);
INSERT INTO `ciudad` VALUES(112, 'Bolívar', '1', 68);
INSERT INTO `ciudad` VALUES(113, 'Bolívar', '1', 76);
INSERT INTO `ciudad` VALUES(114, 'Bosconia', '1', 20);
INSERT INTO `ciudad` VALUES(115, 'Boyacá', '1', 15);
INSERT INTO `ciudad` VALUES(116, 'Briceño', '1', 5);
INSERT INTO `ciudad` VALUES(117, 'Briceño', '1', 15);
INSERT INTO `ciudad` VALUES(118, 'Bucaramanga', '1', 68);
INSERT INTO `ciudad` VALUES(119, 'Bucarasica', '1', 54);
INSERT INTO `ciudad` VALUES(120, 'Buenaventura', '1', 76);
INSERT INTO `ciudad` VALUES(121, 'Buenavista', '1', 15);
INSERT INTO `ciudad` VALUES(122, 'Buenavista', '1', 23);
INSERT INTO `ciudad` VALUES(123, 'Buenavista', '1', 63);
INSERT INTO `ciudad` VALUES(124, 'Buenavista', '1', 70);
INSERT INTO `ciudad` VALUES(125, 'Buenos Aires', '1', 19);
INSERT INTO `ciudad` VALUES(126, 'Buesaco', '1', 52);
INSERT INTO `ciudad` VALUES(127, 'Buga', '1', 76);
INSERT INTO `ciudad` VALUES(128, 'Bugalagrande', '1', 76);
INSERT INTO `ciudad` VALUES(129, 'Burítica', '1', 5);
INSERT INTO `ciudad` VALUES(130, 'Busbanza', '1', 15);
INSERT INTO `ciudad` VALUES(131, 'Cabrera', '1', 25);
INSERT INTO `ciudad` VALUES(132, 'Cabrera', '1', 68);
INSERT INTO `ciudad` VALUES(133, 'Cabuyaro', '1', 50);
INSERT INTO `ciudad` VALUES(134, 'Cachipay', '1', 25);
INSERT INTO `ciudad` VALUES(135, 'Caicedo', '1', 5);
INSERT INTO `ciudad` VALUES(136, 'Caicedonia', '1', 76);
INSERT INTO `ciudad` VALUES(137, 'Caimito', '1', 70);
INSERT INTO `ciudad` VALUES(138, 'Cajamarca', '1', 73);
INSERT INTO `ciudad` VALUES(139, 'Cajibío', '1', 19);
INSERT INTO `ciudad` VALUES(140, 'Cajicá', '1', 25);
INSERT INTO `ciudad` VALUES(141, 'Calamar', '1', 13);
INSERT INTO `ciudad` VALUES(142, 'Calamar', '1', 95);
INSERT INTO `ciudad` VALUES(143, 'Calarcá', '1', 63);
INSERT INTO `ciudad` VALUES(144, 'Caldas', '1', 5);
INSERT INTO `ciudad` VALUES(145, 'Caldas', '1', 15);
INSERT INTO `ciudad` VALUES(146, 'Caldono', '1', 19);
INSERT INTO `ciudad` VALUES(147, 'California', '1', 68);
INSERT INTO `ciudad` VALUES(148, 'Calima (Darién)', '1', 76);
INSERT INTO `ciudad` VALUES(149, 'Caloto', '1', 19);
INSERT INTO `ciudad` VALUES(150, 'Calí', '1', 76);
INSERT INTO `ciudad` VALUES(151, 'Campamento', '1', 5);
INSERT INTO `ciudad` VALUES(152, 'Campo de la Cruz', '1', 8);
INSERT INTO `ciudad` VALUES(153, 'Campoalegre', '1', 41);
INSERT INTO `ciudad` VALUES(154, 'Campohermoso', '1', 15);
INSERT INTO `ciudad` VALUES(155, 'Canalete', '1', 23);
INSERT INTO `ciudad` VALUES(156, 'Candelaria', '1', 8);
INSERT INTO `ciudad` VALUES(157, 'Candelaria', '1', 76);
INSERT INTO `ciudad` VALUES(158, 'Cantagallo', '1', 13);
INSERT INTO `ciudad` VALUES(159, 'Cantón de San Pablo', '1', 27);
INSERT INTO `ciudad` VALUES(160, 'Caparrapí', '1', 25);
INSERT INTO `ciudad` VALUES(161, 'Capitanejo', '1', 68);
INSERT INTO `ciudad` VALUES(162, 'Caracolí', '1', 5);
INSERT INTO `ciudad` VALUES(163, 'Caramanta', '1', 5);
INSERT INTO `ciudad` VALUES(164, 'Carcasí', '1', 68);
INSERT INTO `ciudad` VALUES(165, 'Carepa', '1', 5);
INSERT INTO `ciudad` VALUES(166, 'Carmen de Apicalá', '1', 73);
INSERT INTO `ciudad` VALUES(167, 'Carmen de Carupa', '1', 25);
INSERT INTO `ciudad` VALUES(168, 'Carmen de Viboral', '1', 5);
INSERT INTO `ciudad` VALUES(169, 'Carmen del Darién (CURBARADÓ)', '1', 27);
INSERT INTO `ciudad` VALUES(170, 'Carolina', '1', 5);
INSERT INTO `ciudad` VALUES(171, 'Cartagena', '1', 13);
INSERT INTO `ciudad` VALUES(172, 'Cartagena del Chairá', '1', 18);
INSERT INTO `ciudad` VALUES(173, 'Cartago', '1', 76);
INSERT INTO `ciudad` VALUES(174, 'Carurú', '1', 97);
INSERT INTO `ciudad` VALUES(175, 'Casabianca', '1', 73);
INSERT INTO `ciudad` VALUES(176, 'Castilla la Nueva', '1', 50);
INSERT INTO `ciudad` VALUES(177, 'Caucasia', '1', 5);
INSERT INTO `ciudad` VALUES(178, 'Cañasgordas', '1', 5);
INSERT INTO `ciudad` VALUES(179, 'Cepita', '1', 68);
INSERT INTO `ciudad` VALUES(180, 'Cereté', '1', 23);
INSERT INTO `ciudad` VALUES(181, 'Cerinza', '1', 15);
INSERT INTO `ciudad` VALUES(182, 'Cerrito', '1', 68);
INSERT INTO `ciudad` VALUES(183, 'Cerro San Antonio', '1', 47);
INSERT INTO `ciudad` VALUES(184, 'Chachaguí', '1', 52);
INSERT INTO `ciudad` VALUES(185, 'Chaguaní', '1', 25);
INSERT INTO `ciudad` VALUES(186, 'Chalán', '1', 70);
INSERT INTO `ciudad` VALUES(187, 'Chaparral', '1', 73);
INSERT INTO `ciudad` VALUES(188, 'Charalá', '1', 68);
INSERT INTO `ciudad` VALUES(189, 'Charta', '1', 68);
INSERT INTO `ciudad` VALUES(190, 'Chigorodó', '1', 5);
INSERT INTO `ciudad` VALUES(191, 'Chima', '1', 68);
INSERT INTO `ciudad` VALUES(192, 'Chimichagua', '1', 20);
INSERT INTO `ciudad` VALUES(193, 'Chimá', '1', 23);
INSERT INTO `ciudad` VALUES(194, 'Chinavita', '1', 15);
INSERT INTO `ciudad` VALUES(195, 'Chinchiná', '1', 17);
INSERT INTO `ciudad` VALUES(196, 'Chinácota', '1', 54);
INSERT INTO `ciudad` VALUES(197, 'Chinú', '1', 23);
INSERT INTO `ciudad` VALUES(198, 'Chipaque', '1', 25);
INSERT INTO `ciudad` VALUES(199, 'Chipatá', '1', 68);
INSERT INTO `ciudad` VALUES(200, 'Chiquinquirá', '1', 15);
INSERT INTO `ciudad` VALUES(201, 'Chiriguaná', '1', 20);
INSERT INTO `ciudad` VALUES(202, 'Chiscas', '1', 15);
INSERT INTO `ciudad` VALUES(203, 'Chita', '1', 15);
INSERT INTO `ciudad` VALUES(204, 'Chitagá', '1', 54);
INSERT INTO `ciudad` VALUES(205, 'Chitaraque', '1', 15);
INSERT INTO `ciudad` VALUES(206, 'Chivatá', '1', 15);
INSERT INTO `ciudad` VALUES(207, 'Chivolo', '1', 47);
INSERT INTO `ciudad` VALUES(208, 'Choachí', '1', 25);
INSERT INTO `ciudad` VALUES(209, 'Chocontá', '1', 25);
INSERT INTO `ciudad` VALUES(210, 'Chámeza', '1', 85);
INSERT INTO `ciudad` VALUES(211, 'Chía', '1', 25);
INSERT INTO `ciudad` VALUES(212, 'Chíquiza', '1', 15);
INSERT INTO `ciudad` VALUES(213, 'Chívor', '1', 15);
INSERT INTO `ciudad` VALUES(214, 'Cicuco', '1', 13);
INSERT INTO `ciudad` VALUES(215, 'Cimitarra', '1', 68);
INSERT INTO `ciudad` VALUES(216, 'Circasia', '1', 63);
INSERT INTO `ciudad` VALUES(217, 'Cisneros', '1', 5);
INSERT INTO `ciudad` VALUES(218, 'Ciénaga', '1', 15);
INSERT INTO `ciudad` VALUES(219, 'Ciénaga', '1', 47);
INSERT INTO `ciudad` VALUES(220, 'Ciénaga de Oro', '1', 23);
INSERT INTO `ciudad` VALUES(221, 'Clemencia', '1', 13);
INSERT INTO `ciudad` VALUES(222, 'Cocorná', '1', 5);
INSERT INTO `ciudad` VALUES(223, 'Coello', '1', 73);
INSERT INTO `ciudad` VALUES(224, 'Cogua', '1', 25);
INSERT INTO `ciudad` VALUES(225, 'Colombia', '1', 41);
INSERT INTO `ciudad` VALUES(226, 'Colosó (Ricaurte)', '1', 70);
INSERT INTO `ciudad` VALUES(227, 'Colón', '1', 86);
INSERT INTO `ciudad` VALUES(228, 'Colón (Génova)', '1', 52);
INSERT INTO `ciudad` VALUES(229, 'Concepción', '1', 5);
INSERT INTO `ciudad` VALUES(230, 'Concepción', '1', 68);
INSERT INTO `ciudad` VALUES(231, 'Concordia', '1', 5);
INSERT INTO `ciudad` VALUES(232, 'Concordia', '1', 47);
INSERT INTO `ciudad` VALUES(233, 'Condoto', '1', 27);
INSERT INTO `ciudad` VALUES(234, 'Confines', '1', 68);
INSERT INTO `ciudad` VALUES(235, 'Consaca', '1', 52);
INSERT INTO `ciudad` VALUES(236, 'Contadero', '1', 52);
INSERT INTO `ciudad` VALUES(237, 'Contratación', '1', 68);
INSERT INTO `ciudad` VALUES(238, 'Convención', '1', 54);
INSERT INTO `ciudad` VALUES(239, 'Copacabana', '1', 5);
INSERT INTO `ciudad` VALUES(240, 'Coper', '1', 15);
INSERT INTO `ciudad` VALUES(241, 'Cordobá', '1', 63);
INSERT INTO `ciudad` VALUES(242, 'Corinto', '1', 19);
INSERT INTO `ciudad` VALUES(243, 'Coromoro', '1', 68);
INSERT INTO `ciudad` VALUES(244, 'Corozal', '1', 70);
INSERT INTO `ciudad` VALUES(245, 'Corrales', '1', 15);
INSERT INTO `ciudad` VALUES(246, 'Cota', '1', 25);
INSERT INTO `ciudad` VALUES(247, 'Cotorra', '1', 23);
INSERT INTO `ciudad` VALUES(248, 'Covarachía', '1', 15);
INSERT INTO `ciudad` VALUES(249, 'Coveñas', '1', 70);
INSERT INTO `ciudad` VALUES(250, 'Coyaima', '1', 73);
INSERT INTO `ciudad` VALUES(251, 'Cravo Norte', '1', 81);
INSERT INTO `ciudad` VALUES(252, 'Cuaspud (Carlosama)', '1', 52);
INSERT INTO `ciudad` VALUES(253, 'Cubarral', '1', 50);
INSERT INTO `ciudad` VALUES(254, 'Cubará', '1', 15);
INSERT INTO `ciudad` VALUES(255, 'Cucaita', '1', 15);
INSERT INTO `ciudad` VALUES(256, 'Cucunubá', '1', 25);
INSERT INTO `ciudad` VALUES(257, 'Cucutilla', '1', 54);
INSERT INTO `ciudad` VALUES(258, 'Cuitiva', '1', 15);
INSERT INTO `ciudad` VALUES(259, 'Cumaral', '1', 50);
INSERT INTO `ciudad` VALUES(260, 'Cumaribo', '1', 99);
INSERT INTO `ciudad` VALUES(261, 'Cumbal', '1', 52);
INSERT INTO `ciudad` VALUES(262, 'Cumbitara', '1', 52);
INSERT INTO `ciudad` VALUES(263, 'Cunday', '1', 73);
INSERT INTO `ciudad` VALUES(264, 'Curillo', '1', 18);
INSERT INTO `ciudad` VALUES(265, 'Curití', '1', 68);
INSERT INTO `ciudad` VALUES(266, 'Curumaní', '1', 20);
INSERT INTO `ciudad` VALUES(267, 'Cáceres', '1', 5);
INSERT INTO `ciudad` VALUES(268, 'Cáchira', '1', 54);
INSERT INTO `ciudad` VALUES(269, 'Cácota', '1', 54);
INSERT INTO `ciudad` VALUES(270, 'Cáqueza', '1', 25);
INSERT INTO `ciudad` VALUES(271, 'Cértegui', '1', 27);
INSERT INTO `ciudad` VALUES(272, 'Cómbita', '1', 15);
INSERT INTO `ciudad` VALUES(273, 'Córdoba', '1', 13);
INSERT INTO `ciudad` VALUES(274, 'Córdoba', '1', 52);
INSERT INTO `ciudad` VALUES(275, 'Cúcuta', '1', 54);
INSERT INTO `ciudad` VALUES(276, 'Dabeiba', '1', 5);
INSERT INTO `ciudad` VALUES(277, 'Dagua', '1', 76);
INSERT INTO `ciudad` VALUES(278, 'Dibulla', '1', 44);
INSERT INTO `ciudad` VALUES(279, 'Distracción', '1', 44);
INSERT INTO `ciudad` VALUES(280, 'Dolores', '1', 73);
INSERT INTO `ciudad` VALUES(281, 'Don Matías', '1', 5);
INSERT INTO `ciudad` VALUES(282, 'Dos Quebradas', '1', 66);
INSERT INTO `ciudad` VALUES(283, 'Duitama', '1', 15);
INSERT INTO `ciudad` VALUES(284, 'Durania', '1', 54);
INSERT INTO `ciudad` VALUES(285, 'Ebéjico', '1', 5);
INSERT INTO `ciudad` VALUES(286, 'El Bagre', '1', 5);
INSERT INTO `ciudad` VALUES(287, 'El Banco', '1', 47);
INSERT INTO `ciudad` VALUES(288, 'El Cairo', '1', 76);
INSERT INTO `ciudad` VALUES(289, 'El Calvario', '1', 50);
INSERT INTO `ciudad` VALUES(290, 'El Carmen', '1', 54);
INSERT INTO `ciudad` VALUES(291, 'El Carmen', '1', 68);
INSERT INTO `ciudad` VALUES(292, 'El Carmen de Atrato', '1', 27);
INSERT INTO `ciudad` VALUES(293, 'El Carmen de Bolívar', '1', 13);
INSERT INTO `ciudad` VALUES(294, 'El Castillo', '1', 50);
INSERT INTO `ciudad` VALUES(295, 'El Cerrito', '1', 76);
INSERT INTO `ciudad` VALUES(296, 'El Charco', '1', 52);
INSERT INTO `ciudad` VALUES(297, 'El Cocuy', '1', 15);
INSERT INTO `ciudad` VALUES(298, 'El Colegio', '1', 25);
INSERT INTO `ciudad` VALUES(299, 'El Copey', '1', 20);
INSERT INTO `ciudad` VALUES(300, 'El Doncello', '1', 18);
INSERT INTO `ciudad` VALUES(301, 'El Dorado', '1', 50);
INSERT INTO `ciudad` VALUES(302, 'El Dovio', '1', 76);
INSERT INTO `ciudad` VALUES(303, 'El Espino', '1', 15);
INSERT INTO `ciudad` VALUES(304, 'El Guacamayo', '1', 68);
INSERT INTO `ciudad` VALUES(305, 'El Guamo', '1', 13);
INSERT INTO `ciudad` VALUES(306, 'El Molino', '1', 44);
INSERT INTO `ciudad` VALUES(307, 'El Paso', '1', 20);
INSERT INTO `ciudad` VALUES(308, 'El Paujil', '1', 18);
INSERT INTO `ciudad` VALUES(309, 'El Peñol', '1', 52);
INSERT INTO `ciudad` VALUES(310, 'El Peñon', '1', 13);
INSERT INTO `ciudad` VALUES(311, 'El Peñon', '1', 68);
INSERT INTO `ciudad` VALUES(312, 'El Peñón', '1', 25);
INSERT INTO `ciudad` VALUES(313, 'El Piñon', '1', 47);
INSERT INTO `ciudad` VALUES(314, 'El Playón', '1', 68);
INSERT INTO `ciudad` VALUES(315, 'El Retorno', '1', 95);
INSERT INTO `ciudad` VALUES(316, 'El Retén', '1', 47);
INSERT INTO `ciudad` VALUES(317, 'El Roble', '1', 70);
INSERT INTO `ciudad` VALUES(318, 'El Rosal', '1', 25);
INSERT INTO `ciudad` VALUES(319, 'El Rosario', '1', 52);
INSERT INTO `ciudad` VALUES(320, 'El Tablón de Gómez', '1', 52);
INSERT INTO `ciudad` VALUES(321, 'El Tambo', '1', 19);
INSERT INTO `ciudad` VALUES(322, 'El Tambo', '1', 52);
INSERT INTO `ciudad` VALUES(323, 'El Tarra', '1', 54);
INSERT INTO `ciudad` VALUES(324, 'El Zulia', '1', 54);
INSERT INTO `ciudad` VALUES(325, 'El Águila', '1', 76);
INSERT INTO `ciudad` VALUES(326, 'Elías', '1', 41);
INSERT INTO `ciudad` VALUES(327, 'Encino', '1', 68);
INSERT INTO `ciudad` VALUES(328, 'Enciso', '1', 68);
INSERT INTO `ciudad` VALUES(329, 'Entrerríos', '1', 5);
INSERT INTO `ciudad` VALUES(330, 'Envigado', '1', 5);
INSERT INTO `ciudad` VALUES(331, 'Espinal', '1', 73);
INSERT INTO `ciudad` VALUES(332, 'Facatativá', '1', 25);
INSERT INTO `ciudad` VALUES(333, 'Falan', '1', 73);
INSERT INTO `ciudad` VALUES(334, 'Filadelfia', '1', 17);
INSERT INTO `ciudad` VALUES(335, 'Filandia', '1', 63);
INSERT INTO `ciudad` VALUES(336, 'Firavitoba', '1', 15);
INSERT INTO `ciudad` VALUES(337, 'Flandes', '1', 73);
INSERT INTO `ciudad` VALUES(338, 'Florencia', '1', 18);
INSERT INTO `ciudad` VALUES(339, 'Florencia', '1', 19);
INSERT INTO `ciudad` VALUES(340, 'Floresta', '1', 15);
INSERT INTO `ciudad` VALUES(341, 'Florida', '1', 76);
INSERT INTO `ciudad` VALUES(342, 'Floridablanca', '1', 68);
INSERT INTO `ciudad` VALUES(343, 'Florián', '1', 68);
INSERT INTO `ciudad` VALUES(344, 'Fonseca', '1', 44);
INSERT INTO `ciudad` VALUES(345, 'Fortúl', '1', 81);
INSERT INTO `ciudad` VALUES(346, 'Fosca', '1', 25);
INSERT INTO `ciudad` VALUES(347, 'Francisco Pizarro', '1', 52);
INSERT INTO `ciudad` VALUES(348, 'Fredonia', '1', 5);
INSERT INTO `ciudad` VALUES(349, 'Fresno', '1', 73);
INSERT INTO `ciudad` VALUES(350, 'Frontino', '1', 5);
INSERT INTO `ciudad` VALUES(351, 'Fuente de Oro', '1', 50);
INSERT INTO `ciudad` VALUES(352, 'Fundación', '1', 47);
INSERT INTO `ciudad` VALUES(353, 'Funes', '1', 52);
INSERT INTO `ciudad` VALUES(354, 'Funza', '1', 25);
INSERT INTO `ciudad` VALUES(355, 'Fusagasugá', '1', 25);
INSERT INTO `ciudad` VALUES(356, 'Fómeque', '1', 25);
INSERT INTO `ciudad` VALUES(357, 'Fúquene', '1', 25);
INSERT INTO `ciudad` VALUES(358, 'Gachalá', '1', 25);
INSERT INTO `ciudad` VALUES(359, 'Gachancipá', '1', 25);
INSERT INTO `ciudad` VALUES(360, 'Gachantivá', '1', 15);
INSERT INTO `ciudad` VALUES(361, 'Gachetá', '1', 25);
INSERT INTO `ciudad` VALUES(362, 'Galapa', '1', 8);
INSERT INTO `ciudad` VALUES(363, 'Galeras (Nueva Granada)', '1', 70);
INSERT INTO `ciudad` VALUES(364, 'Galán', '1', 68);
INSERT INTO `ciudad` VALUES(365, 'Gama', '1', 25);
INSERT INTO `ciudad` VALUES(366, 'Gamarra', '1', 20);
INSERT INTO `ciudad` VALUES(367, 'Garagoa', '1', 15);
INSERT INTO `ciudad` VALUES(368, 'Garzón', '1', 41);
INSERT INTO `ciudad` VALUES(369, 'Gigante', '1', 41);
INSERT INTO `ciudad` VALUES(370, 'Ginebra', '1', 76);
INSERT INTO `ciudad` VALUES(371, 'Giraldo', '1', 5);
INSERT INTO `ciudad` VALUES(372, 'Girardot', '1', 25);
INSERT INTO `ciudad` VALUES(373, 'Girardota', '1', 5);
INSERT INTO `ciudad` VALUES(374, 'Girón', '1', 68);
INSERT INTO `ciudad` VALUES(375, 'Gonzalez', '1', 20);
INSERT INTO `ciudad` VALUES(376, 'Gramalote', '1', 54);
INSERT INTO `ciudad` VALUES(377, 'Granada', '1', 5);
INSERT INTO `ciudad` VALUES(378, 'Granada', '1', 25);
INSERT INTO `ciudad` VALUES(379, 'Granada', '1', 50);
INSERT INTO `ciudad` VALUES(380, 'Guaca', '1', 68);
INSERT INTO `ciudad` VALUES(381, 'Guacamayas', '1', 15);
INSERT INTO `ciudad` VALUES(382, 'Guacarí', '1', 76);
INSERT INTO `ciudad` VALUES(383, 'Guachavés', '1', 52);
INSERT INTO `ciudad` VALUES(384, 'Guachené', '1', 19);
INSERT INTO `ciudad` VALUES(385, 'Guachetá', '1', 25);
INSERT INTO `ciudad` VALUES(386, 'Guachucal', '1', 52);
INSERT INTO `ciudad` VALUES(387, 'Guadalupe', '1', 5);
INSERT INTO `ciudad` VALUES(388, 'Guadalupe', '1', 41);
INSERT INTO `ciudad` VALUES(389, 'Guadalupe', '1', 68);
INSERT INTO `ciudad` VALUES(390, 'Guaduas', '1', 25);
INSERT INTO `ciudad` VALUES(391, 'Guaitarilla', '1', 52);
INSERT INTO `ciudad` VALUES(392, 'Gualmatán', '1', 52);
INSERT INTO `ciudad` VALUES(393, 'Guamal', '1', 47);
INSERT INTO `ciudad` VALUES(394, 'Guamal', '1', 50);
INSERT INTO `ciudad` VALUES(395, 'Guamo', '1', 73);
INSERT INTO `ciudad` VALUES(396, 'Guapota', '1', 68);
INSERT INTO `ciudad` VALUES(397, 'Guapí', '1', 19);
INSERT INTO `ciudad` VALUES(398, 'Guaranda', '1', 70);
INSERT INTO `ciudad` VALUES(399, 'Guarne', '1', 5);
INSERT INTO `ciudad` VALUES(400, 'Guasca', '1', 25);
INSERT INTO `ciudad` VALUES(401, 'Guatapé', '1', 5);
INSERT INTO `ciudad` VALUES(402, 'Guataquí', '1', 25);
INSERT INTO `ciudad` VALUES(403, 'Guatavita', '1', 25);
INSERT INTO `ciudad` VALUES(404, 'Guateque', '1', 15);
INSERT INTO `ciudad` VALUES(405, 'Guavatá', '1', 68);
INSERT INTO `ciudad` VALUES(406, 'Guayabal de Siquima', '1', 25);
INSERT INTO `ciudad` VALUES(407, 'Guayabetal', '1', 25);
INSERT INTO `ciudad` VALUES(408, 'Guayatá', '1', 15);
INSERT INTO `ciudad` VALUES(409, 'Guepsa', '1', 68);
INSERT INTO `ciudad` VALUES(410, 'Guicán', '1', 15);
INSERT INTO `ciudad` VALUES(411, 'Gutiérrez', '1', 25);
INSERT INTO `ciudad` VALUES(412, 'Guática', '1', 66);
INSERT INTO `ciudad` VALUES(413, 'Gámbita', '1', 68);
INSERT INTO `ciudad` VALUES(414, 'Gámeza', '1', 15);
INSERT INTO `ciudad` VALUES(415, 'Génova', '1', 63);
INSERT INTO `ciudad` VALUES(416, 'Gómez Plata', '1', 5);
INSERT INTO `ciudad` VALUES(417, 'Hacarí', '1', 54);
INSERT INTO `ciudad` VALUES(418, 'Hatillo de Loba', '1', 13);
INSERT INTO `ciudad` VALUES(419, 'Hato', '1', 68);
INSERT INTO `ciudad` VALUES(420, 'Hato Corozal', '1', 85);
INSERT INTO `ciudad` VALUES(421, 'Hatonuevo', '1', 44);
INSERT INTO `ciudad` VALUES(422, 'Heliconia', '1', 5);
INSERT INTO `ciudad` VALUES(423, 'Herrán', '1', 54);
INSERT INTO `ciudad` VALUES(424, 'Herveo', '1', 73);
INSERT INTO `ciudad` VALUES(425, 'Hispania', '1', 5);
INSERT INTO `ciudad` VALUES(426, 'Hobo', '1', 41);
INSERT INTO `ciudad` VALUES(427, 'Honda', '1', 73);
INSERT INTO `ciudad` VALUES(428, 'Ibagué', '1', 73);
INSERT INTO `ciudad` VALUES(429, 'Icononzo', '1', 73);
INSERT INTO `ciudad` VALUES(430, 'Iles', '1', 52);
INSERT INTO `ciudad` VALUES(431, 'Imúes', '1', 52);
INSERT INTO `ciudad` VALUES(432, 'Inzá', '1', 19);
INSERT INTO `ciudad` VALUES(433, 'Inírida', '1', 94);
INSERT INTO `ciudad` VALUES(434, 'Ipiales', '1', 52);
INSERT INTO `ciudad` VALUES(435, 'Isnos', '1', 41);
INSERT INTO `ciudad` VALUES(436, 'Istmina', '1', 27);
INSERT INTO `ciudad` VALUES(437, 'Itagüí', '1', 5);
INSERT INTO `ciudad` VALUES(438, 'Ituango', '1', 5);
INSERT INTO `ciudad` VALUES(439, 'Izá', '1', 15);
INSERT INTO `ciudad` VALUES(440, 'Jambaló', '1', 19);
INSERT INTO `ciudad` VALUES(441, 'Jamundí', '1', 76);
INSERT INTO `ciudad` VALUES(442, 'Jardín', '1', 5);
INSERT INTO `ciudad` VALUES(443, 'Jenesano', '1', 15);
INSERT INTO `ciudad` VALUES(444, 'Jericó', '1', 5);
INSERT INTO `ciudad` VALUES(445, 'Jericó', '1', 15);
INSERT INTO `ciudad` VALUES(446, 'Jerusalén', '1', 25);
INSERT INTO `ciudad` VALUES(447, 'Jesús María', '1', 68);
INSERT INTO `ciudad` VALUES(448, 'Jordán', '1', 68);
INSERT INTO `ciudad` VALUES(449, 'Juan de Acosta', '1', 8);
INSERT INTO `ciudad` VALUES(450, 'Junín', '1', 25);
INSERT INTO `ciudad` VALUES(451, 'Juradó', '1', 27);
INSERT INTO `ciudad` VALUES(452, 'La Apartada y La Frontera', '1', 23);
INSERT INTO `ciudad` VALUES(453, 'La Argentina', '1', 41);
INSERT INTO `ciudad` VALUES(454, 'La Belleza', '1', 68);
INSERT INTO `ciudad` VALUES(455, 'La Calera', '1', 25);
INSERT INTO `ciudad` VALUES(456, 'La Capilla', '1', 15);
INSERT INTO `ciudad` VALUES(457, 'La Ceja', '1', 5);
INSERT INTO `ciudad` VALUES(458, 'La Celia', '1', 66);
INSERT INTO `ciudad` VALUES(459, 'La Cruz', '1', 52);
INSERT INTO `ciudad` VALUES(460, 'La Cumbre', '1', 76);
INSERT INTO `ciudad` VALUES(461, 'La Dorada', '1', 17);
INSERT INTO `ciudad` VALUES(462, 'La Esperanza', '1', 54);
INSERT INTO `ciudad` VALUES(463, 'La Estrella', '1', 5);
INSERT INTO `ciudad` VALUES(464, 'La Florida', '1', 52);
INSERT INTO `ciudad` VALUES(465, 'La Gloria', '1', 20);
INSERT INTO `ciudad` VALUES(466, 'La Jagua de Ibirico', '1', 20);
INSERT INTO `ciudad` VALUES(467, 'La Jagua del Pilar', '1', 44);
INSERT INTO `ciudad` VALUES(468, 'La Llanada', '1', 52);
INSERT INTO `ciudad` VALUES(469, 'La Macarena', '1', 50);
INSERT INTO `ciudad` VALUES(470, 'La Merced', '1', 17);
INSERT INTO `ciudad` VALUES(471, 'La Mesa', '1', 25);
INSERT INTO `ciudad` VALUES(472, 'La Montañita', '1', 18);
INSERT INTO `ciudad` VALUES(473, 'La Palma', '1', 25);
INSERT INTO `ciudad` VALUES(474, 'La Paz', '1', 68);
INSERT INTO `ciudad` VALUES(475, 'La Paz (Robles)', '1', 20);
INSERT INTO `ciudad` VALUES(476, 'La Peña', '1', 25);
INSERT INTO `ciudad` VALUES(477, 'La Pintada', '1', 5);
INSERT INTO `ciudad` VALUES(478, 'La Plata', '1', 41);
INSERT INTO `ciudad` VALUES(479, 'La Playa', '1', 54);
INSERT INTO `ciudad` VALUES(480, 'La Primavera', '1', 99);
INSERT INTO `ciudad` VALUES(481, 'La Salina', '1', 85);
INSERT INTO `ciudad` VALUES(482, 'La Sierra', '1', 19);
INSERT INTO `ciudad` VALUES(483, 'La Tebaida', '1', 63);
INSERT INTO `ciudad` VALUES(484, 'La Tola', '1', 52);
INSERT INTO `ciudad` VALUES(485, 'La Unión', '1', 5);
INSERT INTO `ciudad` VALUES(486, 'La Unión', '1', 52);
INSERT INTO `ciudad` VALUES(487, 'La Unión', '1', 70);
INSERT INTO `ciudad` VALUES(488, 'La Unión', '1', 76);
INSERT INTO `ciudad` VALUES(489, 'La Uvita', '1', 15);
INSERT INTO `ciudad` VALUES(490, 'La Vega', '1', 19);
INSERT INTO `ciudad` VALUES(491, 'La Vega', '1', 25);
INSERT INTO `ciudad` VALUES(492, 'La Victoria', '1', 15);
INSERT INTO `ciudad` VALUES(493, 'La Victoria', '1', 17);
INSERT INTO `ciudad` VALUES(494, 'La Victoria', '1', 76);
INSERT INTO `ciudad` VALUES(495, 'La Virginia', '1', 66);
INSERT INTO `ciudad` VALUES(496, 'Labateca', '1', 54);
INSERT INTO `ciudad` VALUES(497, 'Labranzagrande', '1', 15);
INSERT INTO `ciudad` VALUES(498, 'Landázuri', '1', 68);
INSERT INTO `ciudad` VALUES(499, 'Lebrija', '1', 68);
INSERT INTO `ciudad` VALUES(500, 'Leiva', '1', 52);
INSERT INTO `ciudad` VALUES(501, 'Lejanías', '1', 50);
INSERT INTO `ciudad` VALUES(502, 'Lenguazaque', '1', 25);
INSERT INTO `ciudad` VALUES(503, 'Leticia', '1', 91);
INSERT INTO `ciudad` VALUES(504, 'Liborina', '1', 5);
INSERT INTO `ciudad` VALUES(505, 'Linares', '1', 52);
INSERT INTO `ciudad` VALUES(506, 'Lloró', '1', 27);
INSERT INTO `ciudad` VALUES(507, 'Lorica', '1', 23);
INSERT INTO `ciudad` VALUES(508, 'Los Córdobas', '1', 23);
INSERT INTO `ciudad` VALUES(509, 'Los Palmitos', '1', 70);
INSERT INTO `ciudad` VALUES(510, 'Los Patios', '1', 54);
INSERT INTO `ciudad` VALUES(511, 'Los Santos', '1', 68);
INSERT INTO `ciudad` VALUES(512, 'Lourdes', '1', 54);
INSERT INTO `ciudad` VALUES(513, 'Luruaco', '1', 8);
INSERT INTO `ciudad` VALUES(514, 'Lérida', '1', 73);
INSERT INTO `ciudad` VALUES(515, 'Líbano', '1', 73);
INSERT INTO `ciudad` VALUES(516, 'López (Micay)', '1', 19);
INSERT INTO `ciudad` VALUES(517, 'Macanal', '1', 15);
INSERT INTO `ciudad` VALUES(518, 'Macaravita', '1', 68);
INSERT INTO `ciudad` VALUES(519, 'Maceo', '1', 5);
INSERT INTO `ciudad` VALUES(520, 'Machetá', '1', 25);
INSERT INTO `ciudad` VALUES(521, 'Madrid', '1', 25);
INSERT INTO `ciudad` VALUES(522, 'Magangué', '1', 13);
INSERT INTO `ciudad` VALUES(523, 'Magüi (Payán)', '1', 52);
INSERT INTO `ciudad` VALUES(524, 'Mahates', '1', 13);
INSERT INTO `ciudad` VALUES(525, 'Maicao', '1', 44);
INSERT INTO `ciudad` VALUES(526, 'Majagual', '1', 70);
INSERT INTO `ciudad` VALUES(527, 'Malambo', '1', 8);
INSERT INTO `ciudad` VALUES(528, 'Mallama (Piedrancha)', '1', 52);
INSERT INTO `ciudad` VALUES(529, 'Manatí', '1', 8);
INSERT INTO `ciudad` VALUES(530, 'Manaure', '1', 44);
INSERT INTO `ciudad` VALUES(531, 'Manaure Balcón del Cesar', '1', 20);
INSERT INTO `ciudad` VALUES(532, 'Manizales', '1', 17);
INSERT INTO `ciudad` VALUES(533, 'Manta', '1', 25);
INSERT INTO `ciudad` VALUES(534, 'Manzanares', '1', 17);
INSERT INTO `ciudad` VALUES(535, 'Maní', '1', 85);
INSERT INTO `ciudad` VALUES(536, 'Mapiripan', '1', 50);
INSERT INTO `ciudad` VALUES(537, 'Margarita', '1', 13);
INSERT INTO `ciudad` VALUES(538, 'Marinilla', '1', 5);
INSERT INTO `ciudad` VALUES(539, 'Maripí', '1', 15);
INSERT INTO `ciudad` VALUES(540, 'Mariquita', '1', 73);
INSERT INTO `ciudad` VALUES(541, 'Marmato', '1', 17);
INSERT INTO `ciudad` VALUES(542, 'Marquetalia', '1', 17);
INSERT INTO `ciudad` VALUES(543, 'Marsella', '1', 66);
INSERT INTO `ciudad` VALUES(544, 'Marulanda', '1', 17);
INSERT INTO `ciudad` VALUES(545, 'María la Baja', '1', 13);
INSERT INTO `ciudad` VALUES(546, 'Matanza', '1', 68);
INSERT INTO `ciudad` VALUES(547, 'Medellín', '1', 5);
INSERT INTO `ciudad` VALUES(548, 'Medina', '1', 25);
INSERT INTO `ciudad` VALUES(549, 'Medio Atrato', '1', 27);
INSERT INTO `ciudad` VALUES(550, 'Medio Baudó', '1', 27);
INSERT INTO `ciudad` VALUES(551, 'Medio San Juan (ANDAGOYA)', '1', 27);
INSERT INTO `ciudad` VALUES(552, 'Melgar', '1', 73);
INSERT INTO `ciudad` VALUES(553, 'Mercaderes', '1', 19);
INSERT INTO `ciudad` VALUES(554, 'Mesetas', '1', 50);
INSERT INTO `ciudad` VALUES(555, 'Milán', '1', 18);
INSERT INTO `ciudad` VALUES(556, 'Miraflores', '1', 15);
INSERT INTO `ciudad` VALUES(557, 'Miraflores', '1', 95);
INSERT INTO `ciudad` VALUES(558, 'Miranda', '1', 19);
INSERT INTO `ciudad` VALUES(559, 'Mistrató', '1', 66);
INSERT INTO `ciudad` VALUES(560, 'Mitú', '1', 97);
INSERT INTO `ciudad` VALUES(561, 'Mocoa', '1', 86);
INSERT INTO `ciudad` VALUES(562, 'Mogotes', '1', 68);
INSERT INTO `ciudad` VALUES(563, 'Molagavita', '1', 68);
INSERT INTO `ciudad` VALUES(564, 'Momil', '1', 23);
INSERT INTO `ciudad` VALUES(565, 'Mompós', '1', 13);
INSERT INTO `ciudad` VALUES(566, 'Mongua', '1', 15);
INSERT INTO `ciudad` VALUES(567, 'Monguí', '1', 15);
INSERT INTO `ciudad` VALUES(568, 'Moniquirá', '1', 15);
INSERT INTO `ciudad` VALUES(569, 'Montebello', '1', 5);
INSERT INTO `ciudad` VALUES(570, 'Montecristo', '1', 13);
INSERT INTO `ciudad` VALUES(571, 'Montelíbano', '1', 23);
INSERT INTO `ciudad` VALUES(572, 'Montenegro', '1', 63);
INSERT INTO `ciudad` VALUES(573, 'Monteria', '1', 23);
INSERT INTO `ciudad` VALUES(574, 'Monterrey', '1', 85);
INSERT INTO `ciudad` VALUES(575, 'Morales', '1', 13);
INSERT INTO `ciudad` VALUES(576, 'Morales', '1', 19);
INSERT INTO `ciudad` VALUES(577, 'Morelia', '1', 18);
INSERT INTO `ciudad` VALUES(578, 'Morroa', '1', 70);
INSERT INTO `ciudad` VALUES(579, 'Mosquera', '1', 25);
INSERT INTO `ciudad` VALUES(580, 'Mosquera', '1', 52);
INSERT INTO `ciudad` VALUES(581, 'Motavita', '1', 15);
INSERT INTO `ciudad` VALUES(582, 'Moñitos', '1', 23);
INSERT INTO `ciudad` VALUES(583, 'Murillo', '1', 73);
INSERT INTO `ciudad` VALUES(584, 'Murindó', '1', 5);
INSERT INTO `ciudad` VALUES(585, 'Mutatá', '1', 5);
INSERT INTO `ciudad` VALUES(586, 'Mutiscua', '1', 54);
INSERT INTO `ciudad` VALUES(587, 'Muzo', '1', 15);
INSERT INTO `ciudad` VALUES(588, 'Málaga', '1', 68);
INSERT INTO `ciudad` VALUES(589, 'Nariño', '1', 5);
INSERT INTO `ciudad` VALUES(590, 'Nariño', '1', 25);
INSERT INTO `ciudad` VALUES(591, 'Nariño', '1', 52);
INSERT INTO `ciudad` VALUES(592, 'Natagaima', '1', 73);
INSERT INTO `ciudad` VALUES(593, 'Nechí', '1', 5);
INSERT INTO `ciudad` VALUES(594, 'Necoclí', '1', 5);
INSERT INTO `ciudad` VALUES(595, 'Neira', '1', 17);
INSERT INTO `ciudad` VALUES(596, 'Neiva', '1', 41);
INSERT INTO `ciudad` VALUES(597, 'Nemocón', '1', 25);
INSERT INTO `ciudad` VALUES(598, 'Nilo', '1', 25);
INSERT INTO `ciudad` VALUES(599, 'Nimaima', '1', 25);
INSERT INTO `ciudad` VALUES(600, 'Nobsa', '1', 15);
INSERT INTO `ciudad` VALUES(601, 'Nocaima', '1', 25);
INSERT INTO `ciudad` VALUES(602, 'Norcasia', '1', 17);
INSERT INTO `ciudad` VALUES(603, 'Norosí', '1', 13);
INSERT INTO `ciudad` VALUES(604, 'Novita', '1', 27);
INSERT INTO `ciudad` VALUES(605, 'Nueva Granada', '1', 47);
INSERT INTO `ciudad` VALUES(606, 'Nuevo Colón', '1', 15);
INSERT INTO `ciudad` VALUES(607, 'Nunchía', '1', 85);
INSERT INTO `ciudad` VALUES(608, 'Nuquí', '1', 27);
INSERT INTO `ciudad` VALUES(609, 'Nátaga', '1', 41);
INSERT INTO `ciudad` VALUES(610, 'Obando', '1', 76);
INSERT INTO `ciudad` VALUES(611, 'Ocamonte', '1', 68);
INSERT INTO `ciudad` VALUES(612, 'Ocaña', '1', 54);
INSERT INTO `ciudad` VALUES(613, 'Oiba', '1', 68);
INSERT INTO `ciudad` VALUES(614, 'Oicatá', '1', 15);
INSERT INTO `ciudad` VALUES(615, 'Olaya', '1', 5);
INSERT INTO `ciudad` VALUES(616, 'Olaya Herrera', '1', 52);
INSERT INTO `ciudad` VALUES(617, 'Onzaga', '1', 68);
INSERT INTO `ciudad` VALUES(618, 'Oporapa', '1', 41);
INSERT INTO `ciudad` VALUES(619, 'Orito', '1', 86);
INSERT INTO `ciudad` VALUES(620, 'Orocué', '1', 85);
INSERT INTO `ciudad` VALUES(621, 'Ortega', '1', 73);
INSERT INTO `ciudad` VALUES(622, 'Ospina', '1', 52);
INSERT INTO `ciudad` VALUES(623, 'Otanche', '1', 15);
INSERT INTO `ciudad` VALUES(624, 'Ovejas', '1', 70);
INSERT INTO `ciudad` VALUES(625, 'Pachavita', '1', 15);
INSERT INTO `ciudad` VALUES(626, 'Pacho', '1', 25);
INSERT INTO `ciudad` VALUES(627, 'Padilla', '1', 19);
INSERT INTO `ciudad` VALUES(628, 'Paicol', '1', 41);
INSERT INTO `ciudad` VALUES(629, 'Pailitas', '1', 20);
INSERT INTO `ciudad` VALUES(630, 'Paime', '1', 25);
INSERT INTO `ciudad` VALUES(631, 'Paipa', '1', 15);
INSERT INTO `ciudad` VALUES(632, 'Pajarito', '1', 15);
INSERT INTO `ciudad` VALUES(633, 'Palermo', '1', 41);
INSERT INTO `ciudad` VALUES(634, 'Palestina', '1', 17);
INSERT INTO `ciudad` VALUES(635, 'Palestina', '1', 41);
INSERT INTO `ciudad` VALUES(636, 'Palmar', '1', 68);
INSERT INTO `ciudad` VALUES(637, 'Palmar de Varela', '1', 8);
INSERT INTO `ciudad` VALUES(638, 'Palmas del Socorro', '1', 68);
INSERT INTO `ciudad` VALUES(639, 'Palmira', '1', 76);
INSERT INTO `ciudad` VALUES(640, 'Palmito', '1', 70);
INSERT INTO `ciudad` VALUES(641, 'Palocabildo', '1', 73);
INSERT INTO `ciudad` VALUES(642, 'Pamplona', '1', 54);
INSERT INTO `ciudad` VALUES(643, 'Pamplonita', '1', 54);
INSERT INTO `ciudad` VALUES(644, 'Pandi', '1', 25);
INSERT INTO `ciudad` VALUES(645, 'Panqueba', '1', 15);
INSERT INTO `ciudad` VALUES(646, 'Paratebueno', '1', 25);
INSERT INTO `ciudad` VALUES(647, 'Pasca', '1', 25);
INSERT INTO `ciudad` VALUES(648, 'Patía (El Bordo)', '1', 19);
INSERT INTO `ciudad` VALUES(649, 'Pauna', '1', 15);
INSERT INTO `ciudad` VALUES(650, 'Paya', '1', 15);
INSERT INTO `ciudad` VALUES(651, 'Paz de Ariporo', '1', 85);
INSERT INTO `ciudad` VALUES(652, 'Paz de Río', '1', 15);
INSERT INTO `ciudad` VALUES(653, 'Pedraza', '1', 47);
INSERT INTO `ciudad` VALUES(654, 'Pelaya', '1', 20);
INSERT INTO `ciudad` VALUES(655, 'Pensilvania', '1', 17);
INSERT INTO `ciudad` VALUES(656, 'Peque', '1', 5);
INSERT INTO `ciudad` VALUES(657, 'Pereira', '1', 66);
INSERT INTO `ciudad` VALUES(658, 'Pesca', '1', 15);
INSERT INTO `ciudad` VALUES(659, 'Peñol', '1', 5);
INSERT INTO `ciudad` VALUES(660, 'Piamonte', '1', 19);
INSERT INTO `ciudad` VALUES(661, 'Pie de Cuesta', '1', 68);
INSERT INTO `ciudad` VALUES(662, 'Piedras', '1', 73);
INSERT INTO `ciudad` VALUES(663, 'Piendamó', '1', 19);
INSERT INTO `ciudad` VALUES(664, 'Pijao', '1', 63);
INSERT INTO `ciudad` VALUES(665, 'Pijiño', '1', 47);
INSERT INTO `ciudad` VALUES(666, 'Pinchote', '1', 68);
INSERT INTO `ciudad` VALUES(667, 'Pinillos', '1', 13);
INSERT INTO `ciudad` VALUES(668, 'Piojo', '1', 8);
INSERT INTO `ciudad` VALUES(669, 'Pisva', '1', 15);
INSERT INTO `ciudad` VALUES(670, 'Pital', '1', 41);
INSERT INTO `ciudad` VALUES(671, 'Pitalito', '1', 41);
INSERT INTO `ciudad` VALUES(672, 'Pivijay', '1', 47);
INSERT INTO `ciudad` VALUES(673, 'Planadas', '1', 73);
INSERT INTO `ciudad` VALUES(674, 'Planeta Rica', '1', 23);
INSERT INTO `ciudad` VALUES(675, 'Plato', '1', 47);
INSERT INTO `ciudad` VALUES(676, 'Policarpa', '1', 52);
INSERT INTO `ciudad` VALUES(677, 'Polonuevo', '1', 8);
INSERT INTO `ciudad` VALUES(678, 'Ponedera', '1', 8);
INSERT INTO `ciudad` VALUES(679, 'Popayán', '1', 19);
INSERT INTO `ciudad` VALUES(680, 'Pore', '1', 85);
INSERT INTO `ciudad` VALUES(681, 'Potosí', '1', 52);
INSERT INTO `ciudad` VALUES(682, 'Pradera', '1', 76);
INSERT INTO `ciudad` VALUES(683, 'Prado', '1', 73);
INSERT INTO `ciudad` VALUES(684, 'Providencia', '1', 52);
INSERT INTO `ciudad` VALUES(685, 'Providencia', '1', 88);
INSERT INTO `ciudad` VALUES(686, 'Pueblo Bello', '1', 20);
INSERT INTO `ciudad` VALUES(687, 'Pueblo Nuevo', '1', 23);
INSERT INTO `ciudad` VALUES(688, 'Pueblo Rico', '1', 66);
INSERT INTO `ciudad` VALUES(689, 'Pueblorrico', '1', 5);
INSERT INTO `ciudad` VALUES(690, 'Puebloviejo', '1', 47);
INSERT INTO `ciudad` VALUES(691, 'Puente Nacional', '1', 68);
INSERT INTO `ciudad` VALUES(692, 'Puerres', '1', 52);
INSERT INTO `ciudad` VALUES(693, 'Puerto Asís', '1', 86);
INSERT INTO `ciudad` VALUES(694, 'Puerto Berrío', '1', 5);
INSERT INTO `ciudad` VALUES(695, 'Puerto Boyacá', '1', 15);
INSERT INTO `ciudad` VALUES(696, 'Puerto Caicedo', '1', 86);
INSERT INTO `ciudad` VALUES(697, 'Puerto Carreño', '1', 99);
INSERT INTO `ciudad` VALUES(698, 'Puerto Colombia', '1', 8);
INSERT INTO `ciudad` VALUES(699, 'Puerto Concordia', '1', 50);
INSERT INTO `ciudad` VALUES(700, 'Puerto Escondido', '1', 23);
INSERT INTO `ciudad` VALUES(701, 'Puerto Gaitán', '1', 50);
INSERT INTO `ciudad` VALUES(702, 'Puerto Guzmán', '1', 86);
INSERT INTO `ciudad` VALUES(703, 'Puerto Leguízamo', '1', 86);
INSERT INTO `ciudad` VALUES(704, 'Puerto Libertador', '1', 23);
INSERT INTO `ciudad` VALUES(705, 'Puerto Lleras', '1', 50);
INSERT INTO `ciudad` VALUES(706, 'Puerto López', '1', 50);
INSERT INTO `ciudad` VALUES(707, 'Puerto Nare', '1', 5);
INSERT INTO `ciudad` VALUES(708, 'Puerto Nariño', '1', 91);
INSERT INTO `ciudad` VALUES(709, 'Puerto Parra', '1', 68);
INSERT INTO `ciudad` VALUES(710, 'Puerto Rico', '1', 18);
INSERT INTO `ciudad` VALUES(711, 'Puerto Rico', '1', 50);
INSERT INTO `ciudad` VALUES(712, 'Puerto Rondón', '1', 81);
INSERT INTO `ciudad` VALUES(713, 'Puerto Salgar', '1', 25);
INSERT INTO `ciudad` VALUES(714, 'Puerto Santander', '1', 54);
INSERT INTO `ciudad` VALUES(715, 'Puerto Tejada', '1', 19);
INSERT INTO `ciudad` VALUES(716, 'Puerto Triunfo', '1', 5);
INSERT INTO `ciudad` VALUES(717, 'Puerto Wilches', '1', 68);
INSERT INTO `ciudad` VALUES(718, 'Pulí', '1', 25);
INSERT INTO `ciudad` VALUES(719, 'Pupiales', '1', 52);
INSERT INTO `ciudad` VALUES(720, 'Puracé (Coconuco)', '1', 19);
INSERT INTO `ciudad` VALUES(721, 'Purificación', '1', 73);
INSERT INTO `ciudad` VALUES(722, 'Purísima', '1', 23);
INSERT INTO `ciudad` VALUES(723, 'Pácora', '1', 17);
INSERT INTO `ciudad` VALUES(724, 'Páez', '1', 15);
INSERT INTO `ciudad` VALUES(725, 'Páez (Belalcazar)', '1', 19);
INSERT INTO `ciudad` VALUES(726, 'Páramo', '1', 68);
INSERT INTO `ciudad` VALUES(727, 'Quebradanegra', '1', 25);
INSERT INTO `ciudad` VALUES(728, 'Quetame', '1', 25);
INSERT INTO `ciudad` VALUES(729, 'Quibdó', '1', 27);
INSERT INTO `ciudad` VALUES(730, 'Quimbaya', '1', 63);
INSERT INTO `ciudad` VALUES(731, 'Quinchía', '1', 66);
INSERT INTO `ciudad` VALUES(732, 'Quipama', '1', 15);
INSERT INTO `ciudad` VALUES(733, 'Quipile', '1', 25);
INSERT INTO `ciudad` VALUES(734, 'Ragonvalia', '1', 54);
INSERT INTO `ciudad` VALUES(735, 'Ramiriquí', '1', 15);
INSERT INTO `ciudad` VALUES(736, 'Recetor', '1', 85);
INSERT INTO `ciudad` VALUES(737, 'Regidor', '1', 13);
INSERT INTO `ciudad` VALUES(738, 'Remedios', '1', 5);
INSERT INTO `ciudad` VALUES(739, 'Remolino', '1', 47);
INSERT INTO `ciudad` VALUES(740, 'Repelón', '1', 8);
INSERT INTO `ciudad` VALUES(741, 'Restrepo', '1', 50);
INSERT INTO `ciudad` VALUES(742, 'Restrepo', '1', 76);
INSERT INTO `ciudad` VALUES(743, 'Retiro', '1', 5);
INSERT INTO `ciudad` VALUES(744, 'Ricaurte', '1', 25);
INSERT INTO `ciudad` VALUES(745, 'Ricaurte', '1', 52);
INSERT INTO `ciudad` VALUES(746, 'Rio Negro', '1', 68);
INSERT INTO `ciudad` VALUES(747, 'Rioblanco', '1', 73);
INSERT INTO `ciudad` VALUES(748, 'Riofrío', '1', 76);
INSERT INTO `ciudad` VALUES(749, 'Riohacha', '1', 44);
INSERT INTO `ciudad` VALUES(750, 'Risaralda', '1', 17);
INSERT INTO `ciudad` VALUES(751, 'Rivera', '1', 41);
INSERT INTO `ciudad` VALUES(752, 'Roberto Payán (San José)', '1', 52);
INSERT INTO `ciudad` VALUES(753, 'Roldanillo', '1', 76);
INSERT INTO `ciudad` VALUES(754, 'Roncesvalles', '1', 73);
INSERT INTO `ciudad` VALUES(755, 'Rondón', '1', 15);
INSERT INTO `ciudad` VALUES(756, 'Rosas', '1', 19);
INSERT INTO `ciudad` VALUES(757, 'Rovira', '1', 73);
INSERT INTO `ciudad` VALUES(758, 'Ráquira', '1', 15);
INSERT INTO `ciudad` VALUES(759, 'Río Iró', '1', 27);
INSERT INTO `ciudad` VALUES(760, 'Río Quito', '1', 27);
INSERT INTO `ciudad` VALUES(761, 'Río Sucio', '1', 17);
INSERT INTO `ciudad` VALUES(762, 'Río Viejo', '1', 13);
INSERT INTO `ciudad` VALUES(763, 'Río de oro', '1', 20);
INSERT INTO `ciudad` VALUES(764, 'Ríonegro', '1', 5);
INSERT INTO `ciudad` VALUES(765, 'Ríosucio', '1', 27);
INSERT INTO `ciudad` VALUES(766, 'Sabana de Torres', '1', 68);
INSERT INTO `ciudad` VALUES(767, 'Sabanagrande', '1', 8);
INSERT INTO `ciudad` VALUES(768, 'Sabanalarga', '1', 5);
INSERT INTO `ciudad` VALUES(769, 'Sabanalarga', '1', 8);
INSERT INTO `ciudad` VALUES(770, 'Sabanalarga', '1', 85);
INSERT INTO `ciudad` VALUES(771, 'Sabanas de San Angel (SAN ANGEL)', '1', 47);
INSERT INTO `ciudad` VALUES(772, 'Sabaneta', '1', 5);
INSERT INTO `ciudad` VALUES(773, 'Saboyá', '1', 15);
INSERT INTO `ciudad` VALUES(774, 'Sahagún', '1', 23);
INSERT INTO `ciudad` VALUES(775, 'Saladoblanco', '1', 41);
INSERT INTO `ciudad` VALUES(776, 'Salamina', '1', 17);
INSERT INTO `ciudad` VALUES(777, 'Salamina', '1', 47);
INSERT INTO `ciudad` VALUES(778, 'Salazar', '1', 54);
INSERT INTO `ciudad` VALUES(779, 'Saldaña', '1', 73);
INSERT INTO `ciudad` VALUES(780, 'Salento', '1', 63);
INSERT INTO `ciudad` VALUES(781, 'Salgar', '1', 5);
INSERT INTO `ciudad` VALUES(782, 'Samacá', '1', 15);
INSERT INTO `ciudad` VALUES(783, 'Samaniego', '1', 52);
INSERT INTO `ciudad` VALUES(784, 'Samaná', '1', 17);
INSERT INTO `ciudad` VALUES(785, 'Sampués', '1', 70);
INSERT INTO `ciudad` VALUES(786, 'San Agustín', '1', 41);
INSERT INTO `ciudad` VALUES(787, 'San Alberto', '1', 20);
INSERT INTO `ciudad` VALUES(788, 'San Andrés', '1', 68);
INSERT INTO `ciudad` VALUES(789, 'San Andrés Sotavento', '1', 23);
INSERT INTO `ciudad` VALUES(790, 'San Andrés de Cuerquía', '1', 5);
INSERT INTO `ciudad` VALUES(791, 'San Antero', '1', 23);
INSERT INTO `ciudad` VALUES(792, 'San Antonio', '1', 73);
INSERT INTO `ciudad` VALUES(793, 'San Antonio de Tequendama', '1', 25);
INSERT INTO `ciudad` VALUES(794, 'San Benito', '1', 68);
INSERT INTO `ciudad` VALUES(795, 'San Benito Abad', '1', 70);
INSERT INTO `ciudad` VALUES(796, 'San Bernardo', '1', 25);
INSERT INTO `ciudad` VALUES(797, 'San Bernardo', '1', 52);
INSERT INTO `ciudad` VALUES(798, 'San Bernardo del Viento', '1', 23);
INSERT INTO `ciudad` VALUES(799, 'San Calixto', '1', 54);
INSERT INTO `ciudad` VALUES(800, 'San Carlos', '1', 5);
INSERT INTO `ciudad` VALUES(801, 'San Carlos', '1', 23);
INSERT INTO `ciudad` VALUES(802, 'San Carlos de Guaroa', '1', 50);
INSERT INTO `ciudad` VALUES(803, 'San Cayetano', '1', 25);
INSERT INTO `ciudad` VALUES(804, 'San Cayetano', '1', 54);
INSERT INTO `ciudad` VALUES(805, 'San Cristobal', '1', 13);
INSERT INTO `ciudad` VALUES(806, 'San Diego', '1', 20);
INSERT INTO `ciudad` VALUES(807, 'San Eduardo', '1', 15);
INSERT INTO `ciudad` VALUES(808, 'San Estanislao', '1', 13);
INSERT INTO `ciudad` VALUES(809, 'San Fernando', '1', 13);
INSERT INTO `ciudad` VALUES(810, 'San Francisco', '1', 5);
INSERT INTO `ciudad` VALUES(811, 'San Francisco', '1', 25);
INSERT INTO `ciudad` VALUES(812, 'San Francisco', '1', 86);
INSERT INTO `ciudad` VALUES(813, 'San Gíl', '1', 68);
INSERT INTO `ciudad` VALUES(814, 'San Jacinto', '1', 13);
INSERT INTO `ciudad` VALUES(815, 'San Jacinto del Cauca', '1', 13);
INSERT INTO `ciudad` VALUES(816, 'San Jerónimo', '1', 5);
INSERT INTO `ciudad` VALUES(817, 'San Joaquín', '1', 68);
INSERT INTO `ciudad` VALUES(818, 'San José', '1', 17);
INSERT INTO `ciudad` VALUES(819, 'San José de Miranda', '1', 68);
INSERT INTO `ciudad` VALUES(820, 'San José de Montaña', '1', 5);
INSERT INTO `ciudad` VALUES(821, 'San José de Pare', '1', 15);
INSERT INTO `ciudad` VALUES(822, 'San José de Uré', '1', 23);
INSERT INTO `ciudad` VALUES(823, 'San José del Fragua', '1', 18);
INSERT INTO `ciudad` VALUES(824, 'San José del Guaviare', '1', 95);
INSERT INTO `ciudad` VALUES(825, 'San José del Palmar', '1', 27);
INSERT INTO `ciudad` VALUES(826, 'San Juan de Arama', '1', 50);
INSERT INTO `ciudad` VALUES(827, 'San Juan de Betulia', '1', 70);
INSERT INTO `ciudad` VALUES(828, 'San Juan de Nepomuceno', '1', 13);
INSERT INTO `ciudad` VALUES(829, 'San Juan de Pasto', '1', 52);
INSERT INTO `ciudad` VALUES(830, 'San Juan de Río Seco', '1', 25);
INSERT INTO `ciudad` VALUES(831, 'San Juan de Urabá', '1', 5);
INSERT INTO `ciudad` VALUES(832, 'San Juan del Cesar', '1', 44);
INSERT INTO `ciudad` VALUES(833, 'San Juanito', '1', 50);
INSERT INTO `ciudad` VALUES(834, 'San Lorenzo', '1', 52);
INSERT INTO `ciudad` VALUES(835, 'San Luis', '1', 73);
INSERT INTO `ciudad` VALUES(836, 'San Luís', '1', 5);
INSERT INTO `ciudad` VALUES(837, 'San Luís de Gaceno', '1', 15);
INSERT INTO `ciudad` VALUES(838, 'San Luís de Palenque', '1', 85);
INSERT INTO `ciudad` VALUES(839, 'San Marcos', '1', 70);
INSERT INTO `ciudad` VALUES(840, 'San Martín', '1', 20);
INSERT INTO `ciudad` VALUES(841, 'San Martín', '1', 50);
INSERT INTO `ciudad` VALUES(842, 'San Martín de Loba', '1', 13);
INSERT INTO `ciudad` VALUES(843, 'San Mateo', '1', 15);
INSERT INTO `ciudad` VALUES(844, 'San Miguel', '1', 68);
INSERT INTO `ciudad` VALUES(845, 'San Miguel', '1', 86);
INSERT INTO `ciudad` VALUES(846, 'San Miguel de Sema', '1', 15);
INSERT INTO `ciudad` VALUES(847, 'San Onofre', '1', 70);
INSERT INTO `ciudad` VALUES(848, 'San Pablo', '1', 13);
INSERT INTO `ciudad` VALUES(849, 'San Pablo', '1', 52);
INSERT INTO `ciudad` VALUES(850, 'San Pablo de Borbur', '1', 15);
INSERT INTO `ciudad` VALUES(851, 'San Pedro', '1', 5);
INSERT INTO `ciudad` VALUES(852, 'San Pedro', '1', 70);
INSERT INTO `ciudad` VALUES(853, 'San Pedro', '1', 76);
INSERT INTO `ciudad` VALUES(854, 'San Pedro de Cartago', '1', 52);
INSERT INTO `ciudad` VALUES(855, 'San Pedro de Urabá', '1', 5);
INSERT INTO `ciudad` VALUES(856, 'San Pelayo', '1', 23);
INSERT INTO `ciudad` VALUES(857, 'San Rafael', '1', 5);
INSERT INTO `ciudad` VALUES(858, 'San Roque', '1', 5);
INSERT INTO `ciudad` VALUES(859, 'San Sebastián', '1', 19);
INSERT INTO `ciudad` VALUES(860, 'San Sebastián de Buenavista', '1', 47);
INSERT INTO `ciudad` VALUES(861, 'San Vicente', '1', 5);
INSERT INTO `ciudad` VALUES(862, 'San Vicente del Caguán', '1', 18);
INSERT INTO `ciudad` VALUES(863, 'San Vicente del Chucurí', '1', 68);
INSERT INTO `ciudad` VALUES(864, 'San Zenón', '1', 47);
INSERT INTO `ciudad` VALUES(865, 'Sandoná', '1', 52);
INSERT INTO `ciudad` VALUES(866, 'Santa Ana', '1', 47);
INSERT INTO `ciudad` VALUES(867, 'Santa Bárbara', '1', 5);
INSERT INTO `ciudad` VALUES(868, 'Santa Bárbara', '1', 68);
INSERT INTO `ciudad` VALUES(869, 'Santa Bárbara (Iscuandé)', '1', 52);
INSERT INTO `ciudad` VALUES(870, 'Santa Bárbara de Pinto', '1', 47);
INSERT INTO `ciudad` VALUES(871, 'Santa Catalina', '1', 13);
INSERT INTO `ciudad` VALUES(872, 'Santa Fé de Antioquia', '1', 5);
INSERT INTO `ciudad` VALUES(873, 'Santa Genoveva de Docorodó', '1', 27);
INSERT INTO `ciudad` VALUES(874, 'Santa Helena del Opón', '1', 68);
INSERT INTO `ciudad` VALUES(875, 'Santa Isabel', '1', 73);
INSERT INTO `ciudad` VALUES(876, 'Santa Lucía', '1', 8);
INSERT INTO `ciudad` VALUES(877, 'Santa Marta', '1', 47);
INSERT INTO `ciudad` VALUES(878, 'Santa María', '1', 15);
INSERT INTO `ciudad` VALUES(879, 'Santa María', '1', 41);
INSERT INTO `ciudad` VALUES(880, 'Santa Rosa', '1', 13);
INSERT INTO `ciudad` VALUES(881, 'Santa Rosa', '1', 19);
INSERT INTO `ciudad` VALUES(882, 'Santa Rosa de Cabal', '1', 66);
INSERT INTO `ciudad` VALUES(883, 'Santa Rosa de Osos', '1', 5);
INSERT INTO `ciudad` VALUES(884, 'Santa Rosa de Viterbo', '1', 15);
INSERT INTO `ciudad` VALUES(885, 'Santa Rosa del Sur', '1', 13);
INSERT INTO `ciudad` VALUES(886, 'Santa Rosalía', '1', 99);
INSERT INTO `ciudad` VALUES(887, 'Santa Sofía', '1', 15);
INSERT INTO `ciudad` VALUES(888, 'Santana', '1', 15);
INSERT INTO `ciudad` VALUES(889, 'Santander de Quilichao', '1', 19);
INSERT INTO `ciudad` VALUES(890, 'Santiago', '1', 54);
INSERT INTO `ciudad` VALUES(891, 'Santiago', '1', 86);
INSERT INTO `ciudad` VALUES(892, 'Santo Domingo', '1', 5);
INSERT INTO `ciudad` VALUES(893, 'Santo Tomás', '1', 8);
INSERT INTO `ciudad` VALUES(894, 'Santuario', '1', 5);
INSERT INTO `ciudad` VALUES(895, 'Santuario', '1', 66);
INSERT INTO `ciudad` VALUES(896, 'Sapuyes', '1', 52);
INSERT INTO `ciudad` VALUES(897, 'Saravena', '1', 81);
INSERT INTO `ciudad` VALUES(898, 'Sardinata', '1', 54);
INSERT INTO `ciudad` VALUES(899, 'Sasaima', '1', 25);
INSERT INTO `ciudad` VALUES(900, 'Sativanorte', '1', 15);
INSERT INTO `ciudad` VALUES(901, 'Sativasur', '1', 15);
INSERT INTO `ciudad` VALUES(902, 'Segovia', '1', 5);
INSERT INTO `ciudad` VALUES(903, 'Sesquilé', '1', 25);
INSERT INTO `ciudad` VALUES(904, 'Sevilla', '1', 76);
INSERT INTO `ciudad` VALUES(905, 'Siachoque', '1', 15);
INSERT INTO `ciudad` VALUES(906, 'Sibaté', '1', 25);
INSERT INTO `ciudad` VALUES(907, 'Sibundoy', '1', 86);
INSERT INTO `ciudad` VALUES(908, 'Silos', '1', 54);
INSERT INTO `ciudad` VALUES(909, 'Silvania', '1', 25);
INSERT INTO `ciudad` VALUES(910, 'Silvia', '1', 19);
INSERT INTO `ciudad` VALUES(911, 'Simacota', '1', 68);
INSERT INTO `ciudad` VALUES(912, 'Simijaca', '1', 25);
INSERT INTO `ciudad` VALUES(913, 'Simití', '1', 13);
INSERT INTO `ciudad` VALUES(914, 'Sincelejo', '1', 70);
INSERT INTO `ciudad` VALUES(915, 'Sincé', '1', 70);
INSERT INTO `ciudad` VALUES(916, 'Sipí', '1', 27);
INSERT INTO `ciudad` VALUES(917, 'Sitionuevo', '1', 47);
INSERT INTO `ciudad` VALUES(918, 'Soacha', '1', 25);
INSERT INTO `ciudad` VALUES(919, 'Soatá', '1', 15);
INSERT INTO `ciudad` VALUES(920, 'Socha', '1', 15);
INSERT INTO `ciudad` VALUES(921, 'Socorro', '1', 68);
INSERT INTO `ciudad` VALUES(922, 'Socotá', '1', 15);
INSERT INTO `ciudad` VALUES(923, 'Sogamoso', '1', 15);
INSERT INTO `ciudad` VALUES(924, 'Solano', '1', 18);
INSERT INTO `ciudad` VALUES(925, 'Soledad', '1', 8);
INSERT INTO `ciudad` VALUES(926, 'Solita', '1', 18);
INSERT INTO `ciudad` VALUES(927, 'Somondoco', '1', 15);
INSERT INTO `ciudad` VALUES(928, 'Sonsón', '1', 5);
INSERT INTO `ciudad` VALUES(929, 'Sopetrán', '1', 5);
INSERT INTO `ciudad` VALUES(930, 'Soplaviento', '1', 13);
INSERT INTO `ciudad` VALUES(931, 'Sopó', '1', 25);
INSERT INTO `ciudad` VALUES(932, 'Sora', '1', 15);
INSERT INTO `ciudad` VALUES(933, 'Soracá', '1', 15);
INSERT INTO `ciudad` VALUES(934, 'Sotaquirá', '1', 15);
INSERT INTO `ciudad` VALUES(935, 'Sotara (Paispamba)', '1', 19);
INSERT INTO `ciudad` VALUES(936, 'Sotomayor (Los Andes)', '1', 52);
INSERT INTO `ciudad` VALUES(937, 'Suaita', '1', 68);
INSERT INTO `ciudad` VALUES(938, 'Suan', '1', 8);
INSERT INTO `ciudad` VALUES(939, 'Suaza', '1', 41);
INSERT INTO `ciudad` VALUES(940, 'Subachoque', '1', 25);
INSERT INTO `ciudad` VALUES(941, 'Sucre', '1', 19);
INSERT INTO `ciudad` VALUES(942, 'Sucre', '1', 68);
INSERT INTO `ciudad` VALUES(943, 'Sucre', '1', 70);
INSERT INTO `ciudad` VALUES(944, 'Suesca', '1', 25);
INSERT INTO `ciudad` VALUES(945, 'Supatá', '1', 25);
INSERT INTO `ciudad` VALUES(946, 'Supía', '1', 17);
INSERT INTO `ciudad` VALUES(947, 'Suratá', '1', 68);
INSERT INTO `ciudad` VALUES(948, 'Susa', '1', 25);
INSERT INTO `ciudad` VALUES(949, 'Susacón', '1', 15);
INSERT INTO `ciudad` VALUES(950, 'Sutamarchán', '1', 15);
INSERT INTO `ciudad` VALUES(951, 'Sutatausa', '1', 25);
INSERT INTO `ciudad` VALUES(952, 'Sutatenza', '1', 15);
INSERT INTO `ciudad` VALUES(953, 'Suárez', '1', 19);
INSERT INTO `ciudad` VALUES(954, 'Suárez', '1', 73);
INSERT INTO `ciudad` VALUES(955, 'Sácama', '1', 85);
INSERT INTO `ciudad` VALUES(956, 'Sáchica', '1', 15);
INSERT INTO `ciudad` VALUES(957, 'Tabio', '1', 25);
INSERT INTO `ciudad` VALUES(958, 'Tadó', '1', 27);
INSERT INTO `ciudad` VALUES(959, 'Talaigua Nuevo', '1', 13);
INSERT INTO `ciudad` VALUES(960, 'Tamalameque', '1', 20);
INSERT INTO `ciudad` VALUES(961, 'Tame', '1', 81);
INSERT INTO `ciudad` VALUES(962, 'Taminango', '1', 52);
INSERT INTO `ciudad` VALUES(963, 'Tangua', '1', 52);
INSERT INTO `ciudad` VALUES(964, 'Taraira', '1', 97);
INSERT INTO `ciudad` VALUES(965, 'Tarazá', '1', 5);
INSERT INTO `ciudad` VALUES(966, 'Tarqui', '1', 41);
INSERT INTO `ciudad` VALUES(967, 'Tarso', '1', 5);
INSERT INTO `ciudad` VALUES(968, 'Tasco', '1', 15);
INSERT INTO `ciudad` VALUES(969, 'Tauramena', '1', 85);
INSERT INTO `ciudad` VALUES(970, 'Tausa', '1', 25);
INSERT INTO `ciudad` VALUES(971, 'Tello', '1', 41);
INSERT INTO `ciudad` VALUES(972, 'Tena', '1', 25);
INSERT INTO `ciudad` VALUES(973, 'Tenerife', '1', 47);
INSERT INTO `ciudad` VALUES(974, 'Tenjo', '1', 25);
INSERT INTO `ciudad` VALUES(975, 'Tenza', '1', 15);
INSERT INTO `ciudad` VALUES(976, 'Teorama', '1', 54);
INSERT INTO `ciudad` VALUES(977, 'Teruel', '1', 41);
INSERT INTO `ciudad` VALUES(978, 'Tesalia', '1', 41);
INSERT INTO `ciudad` VALUES(979, 'Tibacuy', '1', 25);
INSERT INTO `ciudad` VALUES(980, 'Tibaná', '1', 15);
INSERT INTO `ciudad` VALUES(981, 'Tibasosa', '1', 15);
INSERT INTO `ciudad` VALUES(982, 'Tibirita', '1', 25);
INSERT INTO `ciudad` VALUES(983, 'Tibú', '1', 54);
INSERT INTO `ciudad` VALUES(984, 'Tierralta', '1', 23);
INSERT INTO `ciudad` VALUES(985, 'Timaná', '1', 41);
INSERT INTO `ciudad` VALUES(986, 'Timbiquí', '1', 19);
INSERT INTO `ciudad` VALUES(987, 'Timbío', '1', 19);
INSERT INTO `ciudad` VALUES(988, 'Tinjacá', '1', 15);
INSERT INTO `ciudad` VALUES(989, 'Tipacoque', '1', 15);
INSERT INTO `ciudad` VALUES(990, 'Tiquisio (Puerto Rico)', '1', 13);
INSERT INTO `ciudad` VALUES(991, 'Titiribí', '1', 5);
INSERT INTO `ciudad` VALUES(992, 'Toca', '1', 15);
INSERT INTO `ciudad` VALUES(993, 'Tocaima', '1', 25);
INSERT INTO `ciudad` VALUES(994, 'Tocancipá', '1', 25);
INSERT INTO `ciudad` VALUES(995, 'Toguí', '1', 15);
INSERT INTO `ciudad` VALUES(996, 'Toledo', '1', 5);
INSERT INTO `ciudad` VALUES(997, 'Toledo', '1', 54);
INSERT INTO `ciudad` VALUES(998, 'Tolú', '1', 70);
INSERT INTO `ciudad` VALUES(999, 'Tolú Viejo', '1', 70);
INSERT INTO `ciudad` VALUES(1000, 'Tona', '1', 68);
INSERT INTO `ciudad` VALUES(1001, 'Topagá', '1', 15);
INSERT INTO `ciudad` VALUES(1002, 'Topaipí', '1', 25);
INSERT INTO `ciudad` VALUES(1003, 'Toribío', '1', 19);
INSERT INTO `ciudad` VALUES(1004, 'Toro', '1', 76);
INSERT INTO `ciudad` VALUES(1005, 'Tota', '1', 15);
INSERT INTO `ciudad` VALUES(1006, 'Totoró', '1', 19);
INSERT INTO `ciudad` VALUES(1007, 'Trinidad', '1', 85);
INSERT INTO `ciudad` VALUES(1008, 'Trujillo', '1', 76);
INSERT INTO `ciudad` VALUES(1009, 'Tubará', '1', 8);
INSERT INTO `ciudad` VALUES(1010, 'Tuchín', '1', 23);
INSERT INTO `ciudad` VALUES(1011, 'Tulúa', '1', 76);
INSERT INTO `ciudad` VALUES(1012, 'Tumaco', '1', 52);
INSERT INTO `ciudad` VALUES(1013, 'Tunja', '1', 15);
INSERT INTO `ciudad` VALUES(1014, 'Tunungua', '1', 15);
INSERT INTO `ciudad` VALUES(1015, 'Turbaco', '1', 13);
INSERT INTO `ciudad` VALUES(1016, 'Turbaná', '1', 13);
INSERT INTO `ciudad` VALUES(1017, 'Turbo', '1', 5);
INSERT INTO `ciudad` VALUES(1018, 'Turmequé', '1', 15);
INSERT INTO `ciudad` VALUES(1019, 'Tuta', '1', 15);
INSERT INTO `ciudad` VALUES(1020, 'Tutasá', '1', 15);
INSERT INTO `ciudad` VALUES(1021, 'Támara', '1', 85);
INSERT INTO `ciudad` VALUES(1022, 'Támesis', '1', 5);
INSERT INTO `ciudad` VALUES(1023, 'Túquerres', '1', 52);
INSERT INTO `ciudad` VALUES(1024, 'Ubalá', '1', 25);
INSERT INTO `ciudad` VALUES(1025, 'Ubaque', '1', 25);
INSERT INTO `ciudad` VALUES(1026, 'Ubaté', '1', 25);
INSERT INTO `ciudad` VALUES(1027, 'Ulloa', '1', 76);
INSERT INTO `ciudad` VALUES(1028, 'Une', '1', 25);
INSERT INTO `ciudad` VALUES(1029, 'Unguía', '1', 27);
INSERT INTO `ciudad` VALUES(1030, 'Unión Panamericana (ÁNIMAS)', '1', 27);
INSERT INTO `ciudad` VALUES(1031, 'Uramita', '1', 5);
INSERT INTO `ciudad` VALUES(1032, 'Uribe', '1', 50);
INSERT INTO `ciudad` VALUES(1033, 'Uribia', '1', 44);
INSERT INTO `ciudad` VALUES(1034, 'Urrao', '1', 5);
INSERT INTO `ciudad` VALUES(1035, 'Urumita', '1', 44);
INSERT INTO `ciudad` VALUES(1036, 'Usiacuri', '1', 8);
INSERT INTO `ciudad` VALUES(1037, 'Valdivia', '1', 5);
INSERT INTO `ciudad` VALUES(1038, 'Valencia', '1', 23);
INSERT INTO `ciudad` VALUES(1039, 'Valle de San José', '1', 68);
INSERT INTO `ciudad` VALUES(1040, 'Valle de San Juan', '1', 73);
INSERT INTO `ciudad` VALUES(1041, 'Valle del Guamuez', '1', 86);
INSERT INTO `ciudad` VALUES(1042, 'Valledupar', '1', 20);
INSERT INTO `ciudad` VALUES(1043, 'Valparaiso', '1', 5);
INSERT INTO `ciudad` VALUES(1044, 'Valparaiso', '1', 18);
INSERT INTO `ciudad` VALUES(1045, 'Vegachí', '1', 5);
INSERT INTO `ciudad` VALUES(1046, 'Venadillo', '1', 73);
INSERT INTO `ciudad` VALUES(1047, 'Venecia', '1', 5);
INSERT INTO `ciudad` VALUES(1048, 'Venecia (Ospina Pérez)', '1', 25);
INSERT INTO `ciudad` VALUES(1049, 'Ventaquemada', '1', 15);
INSERT INTO `ciudad` VALUES(1050, 'Vergara', '1', 25);
INSERT INTO `ciudad` VALUES(1051, 'Versalles', '1', 76);
INSERT INTO `ciudad` VALUES(1052, 'Vetas', '1', 68);
INSERT INTO `ciudad` VALUES(1053, 'Viani', '1', 25);
INSERT INTO `ciudad` VALUES(1054, 'Vigía del Fuerte', '1', 5);
INSERT INTO `ciudad` VALUES(1055, 'Vijes', '1', 76);
INSERT INTO `ciudad` VALUES(1056, 'Villa Caro', '1', 54);
INSERT INTO `ciudad` VALUES(1057, 'Villa Rica', '1', 19);
INSERT INTO `ciudad` VALUES(1058, 'Villa de Leiva', '1', 15);
INSERT INTO `ciudad` VALUES(1059, 'Villa del Rosario', '1', 54);
INSERT INTO `ciudad` VALUES(1060, 'Villagarzón', '1', 86);
INSERT INTO `ciudad` VALUES(1061, 'Villagómez', '1', 25);
INSERT INTO `ciudad` VALUES(1062, 'Villahermosa', '1', 73);
INSERT INTO `ciudad` VALUES(1063, 'Villamaría', '1', 17);
INSERT INTO `ciudad` VALUES(1064, 'Villanueva', '1', 13);
INSERT INTO `ciudad` VALUES(1065, 'Villanueva', '1', 44);
INSERT INTO `ciudad` VALUES(1066, 'Villanueva', '1', 68);
INSERT INTO `ciudad` VALUES(1067, 'Villanueva', '1', 85);
INSERT INTO `ciudad` VALUES(1068, 'Villapinzón', '1', 25);
INSERT INTO `ciudad` VALUES(1069, 'Villarrica', '1', 73);
INSERT INTO `ciudad` VALUES(1070, 'Villavicencio', '1', 50);
INSERT INTO `ciudad` VALUES(1071, 'Villavieja', '1', 41);
INSERT INTO `ciudad` VALUES(1072, 'Villeta', '1', 25);
INSERT INTO `ciudad` VALUES(1073, 'Viotá', '1', 25);
INSERT INTO `ciudad` VALUES(1074, 'Viracachá', '1', 15);
INSERT INTO `ciudad` VALUES(1075, 'Vista Hermosa', '1', 50);
INSERT INTO `ciudad` VALUES(1076, 'Viterbo', '1', 17);
INSERT INTO `ciudad` VALUES(1077, 'Vélez', '1', 68);
INSERT INTO `ciudad` VALUES(1078, 'Yacopí', '1', 25);
INSERT INTO `ciudad` VALUES(1079, 'Yacuanquer', '1', 52);
INSERT INTO `ciudad` VALUES(1080, 'Yaguará', '1', 41);
INSERT INTO `ciudad` VALUES(1081, 'Yalí', '1', 5);
INSERT INTO `ciudad` VALUES(1082, 'Yarumal', '1', 5);
INSERT INTO `ciudad` VALUES(1083, 'Yolombó', '1', 5);
INSERT INTO `ciudad` VALUES(1084, 'Yondó (Casabe)', '1', 5);
INSERT INTO `ciudad` VALUES(1085, 'Yopal', '1', 85);
INSERT INTO `ciudad` VALUES(1086, 'Yotoco', '1', 76);
INSERT INTO `ciudad` VALUES(1087, 'Yumbo', '1', 76);
INSERT INTO `ciudad` VALUES(1088, 'Zambrano', '1', 13);
INSERT INTO `ciudad` VALUES(1089, 'Zapatoca', '1', 68);
INSERT INTO `ciudad` VALUES(1090, 'Zapayán (PUNTA DE PIEDRAS)', '1', 47);
INSERT INTO `ciudad` VALUES(1091, 'Zaragoza', '1', 5);
INSERT INTO `ciudad` VALUES(1092, 'Zarzal', '1', 76);
INSERT INTO `ciudad` VALUES(1093, 'Zetaquirá', '1', 15);
INSERT INTO `ciudad` VALUES(1094, 'Zipacón', '1', 25);
INSERT INTO `ciudad` VALUES(1095, 'Zipaquirá', '1', 25);
INSERT INTO `ciudad` VALUES(1096, 'Zona Bananera (PRADO - SEVILLA)', '1', 47);
INSERT INTO `ciudad` VALUES(1097, 'Ábrego', '1', 54);
INSERT INTO `ciudad` VALUES(1098, 'Íquira', '1', 41);
INSERT INTO `ciudad` VALUES(1099, 'Úmbita', '1', 15);
INSERT INTO `ciudad` VALUES(1100, 'Útica', '1', 25);

CREATE TABLE `departamento` (
  `id` int(11) NOT NULL,
  `nombre` varchar(45) NOT NULL,
  `pais_id` int(11) NOT NULL
) ENGINE=InnoDB DEFAULT CHARSET=utf8;

INSERT INTO `departamento` VALUES(5, 'ANTIOQUIA', 52);
INSERT INTO `departamento` VALUES(8, 'ATLÁNTICO', 52);
INSERT INTO `departamento` VALUES(11, 'BOGOTÁ, D.C.', 52);
INSERT INTO `departamento` VALUES(13, 'BOLÍVAR', 52);
INSERT INTO `departamento` VALUES(15, 'BOYACÁ', 52);
INSERT INTO `departamento` VALUES(17, 'CALDAS', 52);
INSERT INTO `departamento` VALUES(18, 'CAQUETÁ', 52);
INSERT INTO `departamento` VALUES(19, 'CAUCA', 52);
INSERT INTO `departamento` VALUES(20, 'CESAR', 52);
INSERT INTO `departamento` VALUES(23, 'CÓRDOBA', 52);
INSERT INTO `departamento` VALUES(25, 'CUNDINAMARCA', 52);
INSERT INTO `departamento` VALUES(27, 'CHOCÓ', 52);
INSERT INTO `departamento` VALUES(41, 'HUILA', 52);
INSERT INTO `departamento` VALUES(44, 'LA GUAJIRA', 52);
INSERT INTO `departamento` VALUES(47, 'MAGDALENA', 52);
INSERT INTO `departamento` VALUES(50, 'META', 52);
INSERT INTO `departamento` VALUES(52, 'NARIÑO', 52);
INSERT INTO `departamento` VALUES(54, 'NORTE DE SANTANDER', 52);
INSERT INTO `departamento` VALUES(63, 'QUINDIO', 52);
INSERT INTO `departamento` VALUES(66, 'RISARALDA', 52);
INSERT INTO `departamento` VALUES(68, 'SANTANDER', 52);
INSERT INTO `departamento` VALUES(70, 'SUCRE', 52);
INSERT INTO `departamento` VALUES(73, 'TOLIMA', 52);
INSERT INTO `departamento` VALUES(76, 'VALLE DEL CAUCA', 52);
INSERT INTO `departamento` VALUES(81, 'ARAUCA', 52);
INSERT INTO `departamento` VALUES(85, 'CASANARE', 52);
INSERT INTO `departamento` VALUES(86, 'PUTUMAYO', 52);
INSERT INTO `departamento` VALUES(88, 'ARCHIPIÉLAGO DE SAN ANDRÉS Y PROVINCIA', 52);
INSERT INTO `departamento` VALUES(91, 'AMAZONAS', 52);
INSERT INTO `departamento` VALUES(94, 'GUAINÍA', 52);
INSERT INTO `departamento` VALUES(95, 'GUAVIARE', 52);
INSERT INTO `departamento` VALUES(97, 'VAUPÉS', 52);
INSERT INTO `departamento` VALUES(99, 'VICHADA', 52);

CREATE TABLE `pais` (
  `id` int(11) NOT NULL,
  `nombre` varchar(45) NOT NULL,
  `moneda` varchar(45) NOT NULL
) ENGINE=InnoDB DEFAULT CHARSET=utf8;

INSERT INTO `pais` VALUES(52, 'Colombia', 'COP');

CREATE TABLE `roles` (
  `id` int(11) NOT NULL,
  `nombre` varchar(45) NOT NULL,
  `permisos` varchar(255) NOT NULL
) ENGINE=InnoDB DEFAULT CHARSET=utf8;

INSERT INTO `roles` VALUES(5, 'admin', 'crear, modificar, listar y eliminar todo');
INSERT INTO `roles` VALUES(6, 'investigador', 'publicar articulo cientifico');
INSERT INTO `roles` VALUES(7, 'visitante', 'acceder a la informacion de interés y navegar en la plataforma.');
INSERT INTO `roles` VALUES(8, 'director', 'gestionar la información de un grupo y orientar el mismo.');


ALTER TABLE `ciudad`
  ADD PRIMARY KEY (`id`,`departamento_id`),
  ADD KEY `fk_ciudad_departamento` (`departamento_id`);

ALTER TABLE `departamento`
  ADD PRIMARY KEY (`id`,`pais_id`),
  ADD KEY `fk_departamento_pais1` (`pais_id`);

ALTER TABLE `pais`
  ADD PRIMARY KEY (`id`);

ALTER TABLE `roles`
  ADD PRIMARY KEY (`id`);


ALTER TABLE `pais`
  MODIFY `id` int(11) NOT NULL AUTO_INCREMENT, AUTO_INCREMENT=53;

ALTER TABLE `roles`
  MODIFY `id` int(11) NOT NULL AUTO_INCREMENT, AUTO_INCREMENT=9;


ALTER TABLE `ciudad`
  ADD CONSTRAINT `fk_ciudad_departamento` FOREIGN KEY (`departamento_id`) REFERENCES `departamento` (`id`) ON DELETE CASCADE ON UPDATE CASCADE;

ALTER TABLE `departamento`
  ADD CONSTRAINT `fk_departamento_pais1` FOREIGN KEY (`pais_id`) REFERENCES `pais` (`id`) ON DELETE CASCADE ON UPDATE CASCADE;
COMMIT;

/*!40101 SET CHARACTER_SET_CLIENT=@OLD_CHARACTER_SET_CLIENT */;
/*!40101 SET CHARACTER_SET_RESULTS=@OLD_CHARACTER_SET_RESULTS */;
/*!40101 SET COLLATION_CONNECTION=@OLD_COLLATION_CONNECTION */;
